guess,mean q(g),var q(g)
aback,178.0,80393.16666666667
abase,154.26666666666668,37762.066666666666
abate,154.26666666666668,34230.06666666667
abbey,178.0,47535.5
abbot,154.26666666666668,59451.06666666666
abhor,154.26666666666668,55824.923809523796
abide,154.26666666666668,37318.495238095245
abled,144.625,36705.05
abode,144.625,37571.583333333336
abort,128.55555555555554,34369.20261437908
about,136.11764705882354,45687.23529411764
above,154.26666666666668,42187.9238095238
abuse,144.625,38744.916666666664
abyss,154.26666666666668,75234.35238095238
acorn,136.11764705882354,39928.23529411764
acrid,154.26666666666668,48852.780952380956
actor,136.11764705882354,40389.86029411764
acute,165.28571428571428,35820.219780219784
adage,165.28571428571428,41434.37362637363
adapt,165.28571428571428,56679.75824175825
adept,144.625,42412.78333333333
admin,136.11764705882354,55433.61029411765
admit,128.55555555555554,46747.08496732026
adobe,144.625,38034.65
adopt,144.625,45497.98333333333
adore,128.55555555555554,26134.026143790845
adorn,136.11764705882354,42046.36029411764
adult,165.28571428571428,46353.142857142855
affix,210.36363636363637,123043.65454545454
afire,144.625,29383.983333333334
afoot,165.28571428571428,54412.5274725275
afoul,144.625,52525.583333333336
after,128.55555555555554,32712.496732026146
again,154.26666666666668,54027.352380952376
agape,154.26666666666668,42551.20952380953
agate,154.26666666666668,34810.066666666666
agent,136.11764705882354,35787.23529411764
agile,136.11764705882354,30029.985294117647
aging,144.625,58307.71666666667
aglow,154.26666666666668,63277.63809523808
agony,154.26666666666668,42416.49523809524
agora,165.28571428571428,57413.29670329671
agree,144.625,32751.583333333332
ahead,178.0,51408.333333333336
aider,121.78947368421052,29965.730994152047
aisle,144.625,29609.85
alarm,144.625,42713.05
album,144.625,54391.583333333336
alert,128.55555555555554,25607.084967320257
algae,154.26666666666668,36700.92380952381
alibi,178.0,58052.333333333336
alien,136.11764705882354,27294.73529411765
align,144.625,38405.183333333334
alike,154.26666666666668,29753.352380952387
alive,128.55555555555554,27380.849673202614
allay,178.0,68462.16666666667
alley,154.26666666666668,32838.780952380956
allot,136.11764705882354,40266.11029411764
allow,165.28571428571428,62180.68131868134
alloy,136.11764705882354,43440.36029411765
aloft,136.11764705882354,36061.36029411764
alone,154.26666666666668,26677.352380952383
along,154.26666666666668,41224.06666666666
aloof,154.26666666666668,53582.638095238086
aloud,154.26666666666668,45029.49523809524
alpha,178.0,69338.33333333333
altar,154.26666666666668,41045.92380952381
alter,115.7,25148.957894736846
amass,144.625,69724.11666666667
amaze,165.28571428571428,49333.29670329671
amber,136.11764705882354,36987.86029411765
amble,128.55555555555554,33435.08496732026
amend,144.625,41637.316666666666
amiss,154.26666666666668,58850.20952380951
amity,144.625,38431.05
among,144.625,49678.65
ample,121.78947368421052,31771.508771929817
amply,121.78947368421052,41545.2865497076
amuse,128.55555555555554,34850.967320261436
angel,121.78947368421052,32118.508771929817
anger,121.78947368421052,31764.2865497076
angle,128.55555555555554,30389.555555555555
angry,144.625,41098.25
angst,178.0,47159.5
anime,144.625,34073.85
ankle,154.26666666666668,35172.06666666667
annex,192.83333333333334,57219.78787878789
annoy,178.0,56784.166666666664
annul,178.0,62009.166666666664
anode,154.26666666666668,34639.066666666666
antic,144.625,50761.316666666666
anvil,128.55555555555554,47543.20261437908
aorta,165.28571428571428,41102.52747252747
apart,165.28571428571428,40949.14285714285
aphid,178.0,72355.66666666667
aping,136.11764705882354,48418.23529411765
apnea,165.28571428571428,47099.604395604394
apple,144.625,37526.11666666667
apply,144.625,52304.11666666667
apron,165.28571428571428,50939.75824175825
aptly,136.11764705882354,38697.98529411765
arbor,154.26666666666668,48917.49523809523
ardor,144.625,45853.183333333334
arena,165.28571428571428,33803.142857142855
argue,128.55555555555554,30585.7908496732
arise,128.55555555555554,22601.202614379083
armor,136.11764705882354,44432.86029411765
aroma,154.26666666666668,46151.35238095238
arose,128.55555555555554,22549.673202614376
array,192.83333333333334,61911.06060606059
arrow,165.28571428571428,54113.9120879121
arson,154.26666666666668,40931.35238095238
artsy,128.55555555555554,28766.26143790849
ascot,144.625,43241.05
ashen,144.625,41605.183333333334
aside,154.26666666666668,36684.49523809524
askew,154.26666666666668,50287.780952380934
assay,154.26666666666668,66009.35238095236
asset,144.625,34563.583333333336
atoll,154.26666666666668,45588.35238095238
atone,144.625,28983.316666666666
attic,144.625,58689.583333333336
audio,154.26666666666668,76825.20952380952
audit,165.28571428571428,51546.98901098902
augur,178.0,59930.0
aunty,136.11764705882354,38327.86029411765
avail,154.26666666666668,55197.49523809524
avert,128.55555555555554,30538.614379084964
avian,178.0,63279.833333333336
avoid,144.625,60086.38333333333
await,165.28571428571428,53494.68131868132
awake,165.28571428571428,48391.60439560441
award,154.26666666666668,53952.9238095238
aware,154.26666666666668,30564.352380952387
awash,165.28571428571428,64340.835164835175
awful,154.26666666666668,67612.49523809525
awoke,165.28571428571428,46527.29670329671
axial,178.0,63270.333333333336
axiom,154.26666666666668,71274.78095238093
axion,144.625,58341.45
azure,154.26666666666668,35963.92380952382
bacon,144.625,43055.85
badge,144.625,35037.316666666666
badly,136.11764705882354,38735.73529411764
bagel,136.11764705882354,29085.860294117647
baggy,178.0,73054.83333333333
baker,128.55555555555554,28928.614379084967
baler,128.55555555555554,23686.732026143785
balmy,136.11764705882354,40290.11029411765
banal,154.26666666666668,48584.638095238086
banjo,165.28571428571428,57882.98901098902
barge,128.55555555555554,24725.08496732026
baron,144.625,37172.65
basal,144.625,45313.45
basic,144.625,46767.98333333333
basil,128.55555555555554,35721.90849673202
basin,144.625,41309.183333333334
basis,154.26666666666668,55661.20952380951
baste,128.55555555555554,25313.202614379086
batch,144.625,42607.316666666666
bathe,136.11764705882354,30092.98529411765
baton,136.11764705882354,38755.61029411764
batty,136.11764705882354,47182.98529411766
bawdy,154.26666666666668,57327.066666666666
bayou,165.28571428571428,63037.45054945056
beach,136.11764705882354,34180.11029411765
beady,136.11764705882354,31911.860294117647
beard,128.55555555555554,26473.08496732026
beast,121.78947368421052,25685.953216374273
beech,165.28571428571428,57575.758241758245
beefy,192.83333333333334,69181.60606060605
befit,154.26666666666668,40470.066666666666
began,154.26666666666668,41130.35238095238
begat,136.11764705882354,35053.23529411765
beget,165.28571428571428,48213.604395604394
begin,136.11764705882354,39638.36029411764
begun,154.26666666666668,47835.78095238095
being,136.11764705882354,36937.23529411765
belch,136.11764705882354,40626.11029411765
belie,136.11764705882354,36759.48529411765
belle,154.26666666666668,56642.63809523809
belly,144.625,45673.85
below,136.11764705882354,43557.23529411765
bench,136.11764705882354,42838.61029411765
beret,154.26666666666668,35416.780952380956
berry,154.26666666666668,39559.066666666666
berth,128.55555555555554,32494.614379084964
beset,154.26666666666668,37980.066666666666
betel,144.625,39630.78333333333
bevel,136.11764705882354,49380.86029411765
bezel,154.26666666666668,57009.78095238095
bible,144.625,40199.583333333336
bicep,154.26666666666668,42859.638095238086
biddy,178.0,88867.16666666667
bigot,165.28571428571428,49818.373626373635
bilge,136.11764705882354,34916.73529411764
billy,154.26666666666668,63741.20952380953
binge,136.11764705882354,35456.36029411764
bingo,144.625,53291.05
biome,165.28571428571428,37997.142857142855
birch,154.26666666666668,49076.06666666666
birth,154.26666666666668,45101.20952380951
bison,154.26666666666668,48759.780952380956
bitty,165.28571428571428,64281.91208791209
black,128.55555555555554,41056.84967320262
blade,128.55555555555554,24859.320261437908
blame,121.78947368421052,25307.730994152043
bland,144.625,37309.71666666667
blank,144.625,41434.38333333333
blare,128.55555555555554,19938.73202614379
blast,144.625,30713.716666666667
blaze,128.55555555555554,29299.90849673203
bleak,136.11764705882354,37266.98529411764
bleat,136.11764705882354,29945.485294117647
bleed,154.26666666666668,45292.066666666666
bleep,154.26666666666668,46654.78095238095
blend,136.11764705882354,36667.11029411765
bless,144.625,46757.05
blimp,165.28571428571428,58455.91208791208
blind,154.26666666666668,45546.9238095238
blink,165.28571428571428,53146.06593406595
bliss,165.28571428571428,58748.83516483517
blitz,178.0,57523.333333333336
bloat,128.55555555555554,30806.496732026146
block,144.625,51389.183333333334
bloke,144.625,34358.11666666667
blond,144.625,43301.71666666667
blood,165.28571428571428,65355.60439560441
bloom,154.26666666666668,66249.49523809523
blown,154.26666666666668,54087.06666666667
bluer,136.11764705882354,30503.73529411765
bluff,165.28571428571428,93092.98901098903
blunt,154.26666666666668,45625.352380952376
blurb,165.28571428571428,63016.065934065926
blurt,144.625,40197.45
blush,144.625,49856.38333333333
board,136.11764705882354,31442.73529411765
boast,128.55555555555554,28080.967320261436
bobby,192.83333333333334,122460.3333333333
boney,136.11764705882354,32628.485294117647
bongo,165.28571428571428,78396.52747252748
bonus,165.28571428571428,51466.06593406593
booby,178.0,122032.5
boost,154.26666666666668,50255.20952380953
booth,144.625,58917.183333333334
booty,136.11764705882354,54290.36029411765
booze,165.28571428571428,55143.60439560441
boozy,165.28571428571428,111563.29670329671
borax,165.28571428571428,46758.98901098902
borne,154.26666666666668,23751.49523809524
bosom,165.28571428571428,73454.68131868132
bossy,154.26666666666668,61425.352380952376
botch,136.11764705882354,45518.11029411764
bough,154.26666666666668,60965.63809523809
boule,154.26666666666668,31348.066666666662
bound,154.26666666666668,50410.49523809523
bowel,136.11764705882354,36299.11029411764
boxer,154.26666666666668,36582.780952380956
brace,144.625,21114.516666666666
braid,128.55555555555554,35170.02614379085
brain,136.11764705882354,34013.98529411765
brake,128.55555555555554,24295.908496732027
brand,144.625,35357.316666666666
brash,136.11764705882354,35047.36029411765
brass,154.26666666666668,44112.780952380956
brave,136.11764705882354,24440.235294117643
bravo,154.26666666666668,39303.92380952381
brawl,165.28571428571428,40586.219780219784
brawn,154.26666666666668,42681.20952380953
bread,121.78947368421052,27728.397660818715
break,128.55555555555554,30468.143790849674
breed,154.26666666666668,41078.9238095238
briar,144.625,41604.916666666664
bribe,144.625,32585.183333333334
brick,144.625,47722.51666666667
bride,121.78947368421052,25004.397660818715
brief,121.78947368421052,31241.508771929824
brine,128.55555555555554,23307.908496732027
bring,154.26666666666668,45957.638095238086
brink,154.26666666666668,46808.49523809524
briny,154.26666666666668,38579.49523809524
brisk,154.26666666666668,46305.352380952376
broad,128.55555555555554,33626.37908496732
broil,165.28571428571428,38768.68131868132
broke,136.11764705882354,27828.110294117647
brood,154.26666666666668,55602.63809523808
brook,165.28571428571428,64466.373626373635
broom,154.26666666666668,58708.06666666666
broth,128.55555555555554,35409.90849673202
brown,154.26666666666668,49076.20952380951
brunt,144.625,39521.45
brush,136.11764705882354,43569.61029411765
brute,128.55555555555554,24672.26143790849
buddy,178.0,105746.66666666667
budge,144.625,44953.71666666667
buggy,178.0,112210.66666666667
bugle,154.26666666666668,39126.49523809523
build,154.26666666666668,50355.352380952376
built,154.26666666666668,40960.92380952382
bulge,144.625,38479.316666666666
bulky,144.625,61773.583333333336
bully,178.0,81246.16666666667
bunch,144.625,60096.65
bunny,178.0,89929.0
burly,144.625,45753.316666666666
burnt,144.625,41816.65
burst,144.625,39331.71666666667
bused,165.28571428571428,41466.065934065926
bushy,136.11764705882354,54912.73529411764
butch,144.625,56660.38333333333
butte,165.28571428571428,43880.06593406593
buxom,192.83333333333334,94610.1515151515
buyer,154.26666666666668,43241.78095238096
bylaw,165.28571428571428,63891.142857142855
cabal,154.26666666666668,51825.209523809506
cabby,165.28571428571428,62698.06593406595
cabin,165.28571428571428,46360.68131868133
cable,136.11764705882354,26687.235294117647
cacao,192.83333333333334,70129.42424242423
cache,165.28571428571428,39464.06593406595
cacti,144.625,47951.05
caddy,154.26666666666668,55846.9238095238
cadet,165.28571428571428,27544.527472527483
cagey,165.28571428571428,32318.835164835167
cairn,154.26666666666668,33693.066666666666
camel,128.55555555555554,26954.02614379085
cameo,121.78947368421052,32564.61988304093
canal,154.26666666666668,44657.49523809523
candy,144.625,40267.05
canny,165.28571428571428,50878.835164835175
canoe,136.11764705882354,30569.610294117647
canon,154.26666666666668,47492.923809523796
caper,115.7,24767.27368421053
caput,165.28571428571428,42858.98901098901
carat,154.26666666666668,37414.495238095245
cargo,136.11764705882354,37672.61029411764
carol,136.11764705882354,33167.48529411764
carry,154.26666666666668,42419.49523809523
carve,128.55555555555554,24728.614379084964
caste,128.55555555555554,24165.437908496733
catch,144.625,48159.45
cater,115.7,22890.431578947373
catty,144.625,44309.71666666667
caulk,144.625,41251.05
cause,144.625,28695.183333333334
cavil,128.55555555555554,39563.7908496732
cease,154.26666666666668,30913.352380952383
cedar,144.625,33241.71666666667
cello,154.26666666666668,44806.49523809523
chafe,136.11764705882354,32746.98529411765
chaff,165.28571428571428,72134.37362637364
chain,136.11764705882354,38110.48529411765
chair,144.625,37368.78333333333
chalk,154.26666666666668,45382.06666666667
champ,144.625,51944.916666666664
chant,136.11764705882354,32378.860294117647
chaos,144.625,41339.98333333333
chard,144.625,39813.316666666666
charm,144.625,43120.78333333333
chart,128.55555555555554,29980.261437908495
chase,128.55555555555554,27564.614379084967
chasm,136.11764705882354,43547.36029411764
cheap,136.11764705882354,41033.36029411765
cheat,128.55555555555554,31087.673202614376
check,144.625,61336.51666666667
cheek,144.625,52846.78333333333
cheer,154.26666666666668,40081.780952380956
chess,154.26666666666668,53773.63809523809
chest,128.55555555555554,31825.673202614376
chick,165.28571428571428,87734.52747252748
chide,154.26666666666668,34071.49523809524
chief,154.26666666666668,40941.49523809524
child,154.26666666666668,47325.92380952381
chili,144.625,57102.65
chill,144.625,54617.98333333333
chime,136.11764705882354,33924.86029411764
china,144.625,40667.583333333336
chirp,165.28571428571428,47522.68131868131
chock,165.28571428571428,84446.83516483518
choir,154.26666666666668,39134.066666666666
choke,136.11764705882354,35943.48529411764
chord,154.26666666666668,43550.06666666666
chore,128.55555555555554,24523.08496732026
chose,144.625,31593.85
chuck,178.0,111980.83333333333
chump,144.625,70453.85
chunk,144.625,63747.05
churn,154.26666666666668,49049.638095238086
chute,144.625,31945.583333333332
cider,115.7,28902.642105263163
cigar,154.26666666666668,40654.63809523809
cinch,154.26666666666668,65110.49523809524
circa,178.0,50576.833333333336
civic,192.83333333333334,136245.60606060608
civil,144.625,66011.71666666666
clack,154.26666666666668,53144.63809523808
claim,136.11764705882354,36684.73529411765
clamp,128.55555555555554,39666.49673202614
clang,144.625,37755.183333333334
clank,128.55555555555554,35710.61437908497
clash,136.11764705882354,34295.36029411764
clasp,121.78947368421052,33276.84210526315
class,144.625,42627.183333333334
clean,136.11764705882354,33444.73529411764
clear,144.625,29574.916666666668
cleat,121.78947368421052,27700.064327485383
cleft,144.625,37699.85
clerk,154.26666666666668,36604.495238095245
click,165.28571428571428,67379.75824175825
cliff,165.28571428571428,68970.68131868131
climb,154.26666666666668,53667.49523809523
cling,144.625,43674.65
clink,144.625,44431.98333333333
cloak,115.7,35261.79999999999
clock,165.28571428571428,64464.68131868133
clone,144.625,25872.25
close,136.11764705882354,27592.23529411765
cloth,144.625,39052.51666666667
cloud,144.625,43898.11666666667
clout,154.26666666666668,37527.92380952381
clove,136.11764705882354,30748.11029411765
clown,144.625,47066.916666666664
cluck,154.26666666666668,75496.06666666667
clued,144.625,33642.51666666667
clump,144.625,57491.45
clung,178.0,56836.5
coach,136.11764705882354,42748.98529411764
coast,128.55555555555554,26652.84967320261
cobra,154.26666666666668,42560.20952380953
cocoa,192.83333333333334,76904.87878787877
colon,154.26666666666668,51935.06666666666
color,154.26666666666668,47154.20952380951
comet,136.11764705882354,29917.360294117647
comfy,178.0,64605.166666666664
comic,144.625,61523.98333333333
comma,144.625,56707.85
conch,165.28571428571428,63825.75824175825
condo,178.0,68802.83333333333
conic,136.11764705882354,49446.235294117665
copse,136.11764705882354,31501.86029411765
coral,136.11764705882354,33531.73529411765
corer,144.625,31775.983333333334
corny,144.625,33497.98333333333
couch,165.28571428571428,67771.14285714286
cough,144.625,53077.316666666666
could,144.625,43695.583333333336
count,144.625,35987.583333333336
coupe,165.28571428571428,36595.45054945054
court,136.11764705882354,32037.23529411765
coven,154.26666666666668,38988.06666666667
cover,128.55555555555554,30854.14379084967
covet,154.26666666666668,32299.352380952383
covey,154.26666666666668,38478.209523809535
cower,128.55555555555554,30591.673202614373
coyly,178.0,57949.166666666664
crack,154.26666666666668,48100.35238095238
craft,136.11764705882354,31599.485294117647
cramp,144.625,40153.583333333336
crane,136.11764705882354,19296.735294117647
crank,136.11764705882354,34635.73529411765
crash,136.11764705882354,32460.610294117647
crass,165.28571428571428,43303.142857142855
crate,121.78947368421052,18850.39766081872
crave,128.55555555555554,22855.08496732026
crawl,154.26666666666668,38973.92380952381
craze,144.625,25393.316666666666
crazy,144.625,39374.51666666667
creak,128.55555555555554,29862.849673202614
cream,128.55555555555554,30241.084967320257
credo,128.55555555555554,32117.55555555555
creed,154.26666666666668,38006.066666666666
creek,154.26666666666668,41451.780952380956
creep,144.625,38664.916666666664
creme,144.625,35090.51666666667
crepe,144.625,34797.05
crept,128.55555555555554,29066.49673202614
cress,144.625,38278.11666666667
crest,121.78947368421052,25122.95321637427
crick,165.28571428571428,59728.37362637363
cried,115.7,25875.273684210522
crier,144.625,31735.85
crime,121.78947368421052,24706.619883040938
crimp,144.625,45099.05
crisp,154.26666666666668,39626.209523809535
croak,121.78947368421052,34650.73099415204
crock,154.26666666666668,54844.066666666666
crone,144.625,21411.05
crony,144.625,32203.583333333332
crook,144.625,53638.916666666664
cross,154.26666666666668,47248.63809523809
croup,144.625,42862.78333333333
crowd,154.26666666666668,47647.352380952376
crown,154.26666666666668,44980.06666666667
crude,136.11764705882354,27620.73529411765
cruel,136.11764705882354,28702.735294117647
crumb,165.28571428571428,59878.68131868132
crump,154.26666666666668,54602.20952380953
crush,144.625,41135.45
crust,128.55555555555554,31759.320261437904
crypt,154.26666666666668,46531.49523809523
cubic,192.83333333333334,91230.1515151515
cumin,144.625,51683.583333333336
curio,154.26666666666668,45645.20952380953
curly,144.625,44788.78333333333
curry,192.83333333333334,63822.69696969697
curse,136.11764705882354,28132.11029411765
curve,128.55555555555554,32175.790849673198
curvy,165.28571428571428,56349.14285714287
cutie,165.28571428571428,33329.45054945055
cyber,154.26666666666668,46868.20952380953
cycle,178.0,50633.5
cynic,144.625,69406.51666666666
daddy,210.36363636363637,94588.45454545456
daily,128.55555555555554,30660.73202614379
dairy,136.11764705882354,32425.985294117647
daisy,128.55555555555554,33783.43790849673
dally,136.11764705882354,44668.36029411765
dance,154.26666666666668,28876.638095238097
dandy,154.26666666666668,53667.780952380934
datum,165.28571428571428,52829.2967032967
daunt,144.625,38448.51666666667
dealt,136.11764705882354,26519.360294117647
death,121.78947368421052,30471.286549707598
debar,128.55555555555554,33565.20261437908
debit,154.26666666666668,39735.20952380953
debug,154.26666666666668,58082.20952380951
debut,154.26666666666668,44727.209523809506
decal,144.625,38024.78333333333
decay,136.11764705882354,35612.11029411764
decor,128.55555555555554,33906.49673202615
decoy,154.26666666666668,40630.35238095238
decry,128.55555555555554,33015.320261437904
defer,128.55555555555554,43032.37908496732
deign,144.625,38133.583333333336
deity,144.625,32213.316666666666
delay,128.55555555555554,29685.320261437908
delta,136.11764705882354,36478.23529411764
delve,154.26666666666668,49060.9238095238
demon,144.625,45300.65
demur,144.625,42949.85
denim,154.26666666666668,45243.20952380951
dense,144.625,38619.583333333336
depot,154.26666666666668,37932.49523809524
depth,136.11764705882354,43317.48529411765
derby,128.55555555555554,33626.84967320261
deter,154.26666666666668,38078.20952380953
detox,165.28571428571428,50072.68131868133
deuce,165.28571428571428,47414.83516483517
devil,136.11764705882354,40599.36029411765
diary,128.55555555555554,32079.43790849673
dicey,165.28571428571428,38614.52747252747
digit,178.0,70994.16666666667
dilly,154.26666666666668,61041.49523809524
dimly,144.625,50862.78333333333
diner,128.55555555555554,30612.2614379085
dingo,136.11764705882354,50177.23529411764
dingy,128.55555555555554,48939.08496732026
diode,165.28571428571428,41077.758241758245
dirge,128.55555555555554,28955.437908496737
dirty,154.26666666666668,39574.63809523809
disco,178.0,55396.0
ditch,144.625,51484.78333333333
ditto,144.625,55422.916666666664
ditty,154.26666666666668,59063.638095238086
diver,115.7,33941.90526315789
dizzy,192.83333333333334,114640.15151515148
dodge,154.26666666666668,45759.35238095238
dodgy,165.28571428571428,78529.45054945056
dogma,136.11764705882354,51959.36029411765
doing,136.11764705882354,41688.61029411765
dolly,144.625,54711.71666666667
donor,154.26666666666668,49588.49523809523
donut,154.26666666666668,42767.20952380953
dopey,154.26666666666668,35789.780952380956
doubt,154.26666666666668,49138.92380952381
dough,154.26666666666668,58912.9238095238
dowdy,144.625,77833.58333333333
dowel,144.625,37233.583333333336
downy,136.11764705882354,51099.73529411765
dowry,128.55555555555554,42271.90849673202
dozen,165.28571428571428,44849.912087912104
draft,144.625,34417.85
drain,136.11764705882354,33672.98529411764
drake,136.11764705882354,24590.985294117647
drama,144.625,47849.05
drank,144.625,38588.38333333333
drape,136.11764705882354,23045.485294117647
drawl,136.11764705882354,37504.98529411764
drawn,136.11764705882354,40093.23529411765
dread,136.11764705882354,32973.23529411764
dream,121.78947368421052,30439.730994152047
dress,154.26666666666668,41434.066666666666
dried,128.55555555555554,33035.67320261437
drier,128.55555555555554,31478.26143790849
drift,154.26666666666668,41256.78095238095
drill,165.28571428571428,50093.29670329671
drink,154.26666666666668,45382.20952380953
drive,121.78947368421052,26854.84210526316
droit,144.625,32251.183333333334
droll,144.625,43216.78333333333
drone,128.55555555555554,21724.143790849674
drool,144.625,45023.05
droop,154.26666666666668,54878.9238095238
dross,154.26666666666668,49216.638095238086
drove,121.78947368421052,25831.508771929828
drown,144.625,46958.11666666667
druid,165.28571428571428,57388.06593406593
drunk,165.28571428571428,54637.142857142855
dryer,144.625,42449.98333333333
dryly,165.28571428571428,58216.68131868132
duchy,178.0,70175.0
dully,165.28571428571428,72314.52747252748
dummy,154.26666666666668,92349.78095238096
dumpy,128.55555555555554,63683.55555555556
dunce,136.11764705882354,34625.86029411764
dusky,154.26666666666668,63968.35238095237
dusty,144.625,46444.51666666667
dutch,144.625,55710.916666666664
duvet,165.28571428571428,41222.98901098901
dwarf,144.625,50757.85
dwell,165.28571428571428,60004.98901098902
dwelt,136.11764705882354,41354.11029411765
dying,136.11764705882354,56159.48529411764
eager,136.11764705882354,32347.110294117647
eagle,144.625,33312.38333333333
early,136.11764705882354,25527.735294117647
earth,136.11764705882354,29676.36029411765
easel,144.625,30599.583333333332
eaten,144.625,34113.45
eater,136.11764705882354,28809.860294117647
ebony,154.26666666666668,40669.49523809524
eclat,144.625,39168.65
edict,154.26666666666668,40112.638095238086
edify,178.0,49632.166666666664
eerie,178.0,42572.5
egret,165.28571428571428,41774.065934065926
eight,128.55555555555554,42918.026143790856
eject,165.28571428571428,64016.989010989004
eking,154.26666666666668,54087.209523809535
elate,144.625,26979.716666666667
elbow,144.625,51651.98333333333
elder,154.26666666666668,39597.49523809524
elect,154.26666666666668,42456.78095238095
elegy,165.28571428571428,48624.68131868132
elfin,165.28571428571428,46692.98901098902
elide,154.26666666666668,35872.49523809524
elite,144.625,30155.316666666666
elope,165.28571428571428,38680.37362637363
elude,165.28571428571428,42577.45054945056
email,144.625,39514.916666666664
embed,154.26666666666668,64815.923809523796
ember,154.26666666666668,54755.06666666667
emcee,192.83333333333334,75493.60606060606
empty,154.26666666666668,50784.92380952381
enact,144.625,33694.25
endow,165.28571428571428,62595.45054945056
enema,165.28571428571428,61160.52747252747
enemy,165.28571428571428,58907.296703296706
enjoy,154.26666666666668,53529.06666666665
ennui,165.28571428571428,74455.6043956044
ensue,165.28571428571428,52208.68131868133
enter,144.625,42639.71666666667
entry,144.625,37038.916666666664
envoy,154.26666666666668,49615.78095238095
epoch,165.28571428571428,51184.06593406593
epoxy,154.26666666666668,52006.49523809522
equal,144.625,51523.583333333336
equip,165.28571428571428,66654.98901098903
erase,154.26666666666668,24459.495238095235
erect,154.26666666666668,35096.066666666666
erode,136.11764705882354,29093.23529411765
error,178.0,49524.0
erupt,144.625,33080.65
essay,165.28571428571428,48910.06593406593
ester,128.55555555555554,37690.84967320261
ether,136.11764705882354,42908.23529411765
ethic,154.26666666666668,57156.63809523808
ethos,144.625,53475.45
etude,165.28571428571428,46653.45054945054
evade,178.0,45826.833333333336
event,165.28571428571428,54159.45054945054
every,154.26666666666668,47022.20952380953
evict,144.625,40206.78333333333
evoke,210.36363636363637,67748.25454545455
exact,154.26666666666668,40299.63809523809
exalt,136.11764705882354,34834.48529411764
excel,154.26666666666668,58657.63809523809
exert,165.28571428571428,49211.14285714287
exile,165.28571428571428,47324.065934065926
exist,165.28571428571428,43549.91208791209
expel,154.26666666666668,61924.78095238095
extol,165.28571428571428,57563.9120879121
extra,144.625,47421.85
exult,144.625,47494.65
eying,144.625,51667.05
fable,144.625,29383.983333333334
facet,165.28571428571428,30110.83516483516
faint,136.11764705882354,32415.86029411765
fairy,136.11764705882354,34218.23529411764
faith,154.26666666666668,39360.20952380953
false,136.11764705882354,25089.110294117647
fancy,144.625,41889.05
fanny,165.28571428571428,59474.06593406593
farce,128.55555555555554,23335.908496732023
fatal,154.26666666666668,48049.780952380956
fatty,154.26666666666668,52764.066666666666
fault,144.625,37105.05
fauna,154.26666666666668,59799.20952380951
favor,154.26666666666668,43718.49523809524
feast,128.55555555555554,27083.67320261438
fecal,144.625,38695.183333333334
feign,144.625,40903.98333333333
fella,165.28571428571428,46938.68131868132
felon,154.26666666666668,41883.63809523809
femme,192.83333333333334,90758.51515151515
femur,136.11764705882354,43777.98529411764
fence,165.28571428571428,48922.835164835175
feral,136.11764705882354,31542.235294117647
ferry,144.625,40104.78333333333
fetal,121.78947368421052,33706.28654970759
fetch,136.11764705882354,43550.48529411764
fetid,165.28571428571428,41910.83516483517
fetus,154.26666666666668,43965.780952380956
fever,136.11764705882354,48414.610294117636
fewer,144.625,49032.916666666664
fiber,121.78947368421052,35069.84210526315
fibre,136.11764705882354,32313.235294117647
ficus,165.28571428571428,64639.604395604394
field,144.625,39931.98333333333
fiend,154.26666666666668,40677.49523809524
fiery,136.11764705882354,32176.98529411765
fifth,154.26666666666668,72438.92380952381
fifty,165.28571428571428,68772.37362637364
fight,128.55555555555554,53002.61437908497
filer,121.78947368421052,31925.286549707598
filet,128.55555555555554,29729.320261437904
filly,154.26666666666668,66615.06666666667
filmy,154.26666666666668,55948.638095238086
filth,154.26666666666668,51327.78095238096
final,154.26666666666668,42217.92380952381
finch,144.625,56359.183333333334
finer,128.55555555555554,32148.732026143793
first,154.26666666666668,38167.20952380953
fishy,154.26666666666668,55515.066666666666
fixer,128.55555555555554,39731.08496732026
fizzy,178.0,120810.33333333333
fjord,165.28571428571428,64699.45054945056
flack,144.625,46366.916666666664
flail,154.26666666666668,49067.78095238095
flair,128.55555555555554,33735.7908496732
flake,144.625,30155.583333333332
flaky,136.11764705882354,43257.73529411765
flame,136.11764705882354,27627.23529411765
flank,154.26666666666668,45258.49523809523
flare,136.11764705882354,21367.985294117647
flash,136.11764705882354,38614.61029411765
flask,144.625,42917.45
fleck,154.26666666666668,48332.209523809535
fleet,154.26666666666668,38724.49523809524
flesh,144.625,40691.183333333334
flick,136.11764705882354,53237.23529411764
flier,128.55555555555554,28955.673202614376
fling,154.26666666666668,52536.066666666666
flint,154.26666666666668,39479.066666666666
flirt,144.625,36837.98333333333
float,128.55555555555554,32534.732026143785
flock,144.625,53966.38333333333
flood,154.26666666666668,64622.923809523796
floor,154.26666666666668,50926.49523809523
flora,136.11764705882354,38862.98529411765
floss,154.26666666666668,59634.06666666666
flour,136.11764705882354,41629.98529411765
flout,144.625,41311.583333333336
flown,154.26666666666668,55760.92380952382
fluff,192.83333333333334,128055.96969696968
fluid,154.26666666666668,54093.92380952381
fluke,144.625,39674.38333333333
flume,136.11764705882354,35982.23529411765
flung,154.26666666666668,61118.78095238095
flunk,144.625,60923.316666666666
flush,136.11764705882354,49925.23529411765
flute,128.55555555555554,29374.49673202614
flyer,121.78947368421052,35738.619883040934
foamy,136.11764705882354,40015.36029411765
focal,128.55555555555554,39330.2614379085
focus,144.625,56088.38333333333
foggy,165.28571428571428,87529.91208791207
foist,144.625,34890.38333333333
folio,165.28571428571428,61345.29670329671
folly,154.26666666666668,62594.066666666666
foray,144.625,34275.85
force,128.55555555555554,25431.437908496733
forge,128.55555555555554,27971.55555555555
forgo,154.26666666666668,62660.20952380951
forte,136.11764705882354,23533.860294117647
forth,136.11764705882354,38871.36029411764
forty,144.625,35937.183333333334
forum,144.625,51437.316666666666
found,154.26666666666668,52368.20952380953
foyer,128.55555555555554,35784.732026143785
frail,128.55555555555554,33472.84967320261
frame,121.78947368421052,23349.286549707598
frank,154.26666666666668,41019.92380952381
fraud,165.28571428571428,43772.373626373635
freak,136.11764705882354,33079.23529411765
freed,136.11764705882354,40264.98529411765
freer,144.625,50543.85
fresh,128.55555555555554,32139.202614379086
friar,165.28571428571428,46121.758241758245
fried,121.78947368421052,29225.95321637427
frill,165.28571428571428,52596.06593406593
frisk,144.625,45631.183333333334
fritz,165.28571428571428,52395.60439560439
frock,136.11764705882354,45568.98529411766
frond,144.625,40717.71666666667
front,144.625,33311.85
frost,128.55555555555554,31019.90849673203
froth,136.11764705882354,37354.98529411765
frown,154.26666666666668,50343.20952380953
froze,136.11764705882354,30917.735294117647
fruit,165.28571428571428,40482.98901098902
fudge,144.625,45834.11666666667
fugue,178.0,63170.166666666664
fully,165.28571428571428,80843.29670329671
fungi,165.28571428571428,69758.37362637365
funky,144.625,68930.78333333334
funny,154.26666666666668,84365.49523809525
furor,154.26666666666668,55456.638095238086
furry,154.26666666666668,65488.638095238086
fussy,154.26666666666668,78311.06666666667
fuzzy,178.0,145760.0
gaffe,178.0,48628.666666666664
gaily,136.11764705882354,32537.36029411765
gamer,121.78947368421052,28033.508771929824
gamma,154.26666666666668,91365.49523809522
gamut,136.11764705882354,43797.73529411765
gassy,154.26666666666668,53037.35238095238
gaudy,154.26666666666668,48524.638095238086
gauge,165.28571428571428,44858.06593406595
gaunt,144.625,38943.45
gauze,154.26666666666668,43638.780952380956
gavel,128.55555555555554,30778.02614379085
gawky,165.28571428571428,65929.2967032967
gayer,128.55555555555554,32333.908496732023
gayly,144.625,49496.25
gazer,136.11764705882354,32494.360294117647
gecko,178.0,60083.5
geeky,192.83333333333334,69863.60606060606
geese,192.83333333333334,66250.33333333333
genie,154.26666666666668,40489.35238095238
genre,144.625,34481.316666666666
ghost,144.625,41391.45
ghoul,178.0,54998.0
giant,136.11764705882354,32387.235294117647
giddy,154.26666666666668,79709.78095238096
gipsy,128.55555555555554,46438.49673202614
girly,154.26666666666668,45829.780952380956
girth,154.26666666666668,46714.78095238095
given,144.625,41924.11666666667
giver,136.11764705882354,38034.11029411765
glade,128.55555555555554,25669.08496732026
gland,154.26666666666668,38752.49523809524
glare,128.55555555555554,21413.7908496732
glass,144.625,46933.98333333333
glaze,128.55555555555554,30337.437908496733
gleam,136.11764705882354,39504.23529411765
glean,128.55555555555554,33855.20261437908
glide,136.11764705882354,29631.36029411765
glint,154.26666666666668,38447.92380952381
gloat,136.11764705882354,32915.86029411764
globe,144.625,33532.916666666664
gloom,165.28571428571428,68375.9120879121
glory,154.26666666666668,38265.06666666667
gloss,154.26666666666668,57586.63809523809
glove,144.625,34309.316666666666
glyph,178.0,75217.66666666667
gnash,165.28571428571428,46367.14285714288
gnome,165.28571428571428,37652.68131868132
godly,144.625,47313.05
going,154.26666666666668,55305.352380952376
golem,154.26666666666668,39025.35238095238
golly,165.28571428571428,61852.68131868132
gonad,165.28571428571428,44284.68131868132
goner,136.11764705882354,28338.485294117643
goody,154.26666666666668,75231.06666666667
gooey,165.28571428571428,45155.60439560441
goofy,165.28571428571428,88986.06593406593
goose,154.26666666666668,38460.780952380956
gorge,144.625,32312.783333333333
gouge,165.28571428571428,47059.758241758245
gourd,165.28571428571428,46261.296703296706
grace,136.11764705882354,22633.860294117643
grade,128.55555555555554,23159.790849673205
graft,154.26666666666668,36385.63809523809
grail,144.625,34666.916666666664
grain,136.11764705882354,34280.86029411765
grand,144.625,35904.65
grant,154.26666666666668,30922.49523809525
grape,128.55555555555554,24326.026143790852
graph,154.26666666666668,44508.20952380951
grasp,154.26666666666668,40293.35238095238
grass,154.26666666666668,46499.49523809523
grate,121.78947368421052,20493.730994152043
grave,128.55555555555554,25278.02614379085
gravy,144.625,39745.98333333333
graze,136.11764705882354,27624.485294117647
great,128.55555555555554,26256.37908496732
greed,154.26666666666668,41463.92380952381
green,144.625,37518.78333333333
greet,144.625,32655.583333333332
grief,128.55555555555554,32922.26143790849
grill,154.26666666666668,49662.78095238095
grime,144.625,28668.65
grimy,154.26666666666668,44361.20952380951
grind,144.625,41072.25
gripe,136.11764705882354,27997.36029411765
groan,136.11764705882354,34874.48529411765
groin,136.11764705882354,35658.48529411764
groom,165.28571428571428,61718.835164835175
grope,128.55555555555554,26679.908496732027
gross,154.26666666666668,52012.49523809522
group,154.26666666666668,49119.9238095238
grout,136.11764705882354,35744.48529411765
grove,128.55555555555554,28214.73202614379
growl,154.26666666666668,48562.9238095238
grown,144.625,47043.71666666667
gruel,144.625,31800.116666666665
gruff,192.83333333333334,88688.51515151514
grunt,154.26666666666668,40772.20952380953
guard,144.625,39763.98333333333
guava,192.83333333333334,84868.51515151515
guess,136.11764705882354,51573.86029411765
guest,128.55555555555554,34129.67320261437
guide,154.26666666666668,37705.35238095238
guild,154.26666666666668,50334.49523809523
guile,144.625,31997.716666666667
guilt,154.26666666666668,41119.780952380956
guise,144.625,34659.183333333334
gulch,154.26666666666668,59828.78095238095
gully,165.28571428571428,75686.06593406595
gumbo,154.26666666666668,75050.06666666667
gummy,165.28571428571428,103118.5274725275
guppy,165.28571428571428,98370.21978021978
gusto,144.625,48470.78333333333
gusty,154.26666666666668,49013.9238095238
gypsy,165.28571428571428,84775.14285714287
habit,154.26666666666668,43488.066666666666
hairy,136.11764705882354,34977.48529411765
halve,121.78947368421052,30454.842105263153
handy,136.11764705882354,44189.61029411765
happy,165.28571428571428,66383.6043956044
hardy,121.78947368421052,37222.50877192982
harem,144.625,31989.583333333332
harpy,128.55555555555554,38454.26143790849
harry,154.26666666666668,46952.06666666665
harsh,154.26666666666668,45845.63809523809
haste,121.78947368421052,25284.508771929824
hasty,121.78947368421052,32840.39766081871
hatch,154.26666666666668,52358.92380952382
hater,115.7,25281.48421052632
haunt,144.625,37315.45
haute,136.11764705882354,29651.485294117647
haven,144.625,38096.11666666667
havoc,154.26666666666668,53712.780952380934
hazel,165.28571428571428,38486.06593406593
heady,136.11764705882354,36090.23529411765
heard,136.11764705882354,31759.110294117647
heart,121.78947368421052,24888.842105263153
heath,136.11764705882354,36792.73529411765
heave,154.26666666666668,42660.49523809523
heavy,144.625,38825.85
hedge,165.28571428571428,58571.14285714287
hefty,136.11764705882354,43741.48529411765
heist,136.11764705882354,29511.36029411765
helix,154.26666666666668,51683.780952380956
hello,154.26666666666668,52019.352380952376
hence,154.26666666666668,45199.638095238086
heron,154.26666666666668,39777.780952380956
hilly,178.0,67623.0
hinge,136.11764705882354,37494.61029411764
hippo,165.28571428571428,80712.52747252748
hippy,178.0,84119.83333333333
hitch,154.26666666666668,64064.49523809523
hoard,144.625,36699.85
hobby,154.26666666666668,75313.49523809525
hoist,144.625,32829.71666666667
holly,165.28571428571428,60072.37362637363
homer,144.625,36032.78333333333
honey,154.26666666666668,37178.35238095238
honor,154.26666666666668,51781.780952380956
horde,136.11764705882354,27854.11029411765
horny,144.625,38143.05
horse,136.11764705882354,26629.735294117647
hotel,136.11764705882354,32688.48529411765
hotly,144.625,40717.45
hound,165.28571428571428,52903.45054945056
house,144.625,34978.38333333333
hovel,136.11764705882354,38583.73529411765
hover,128.55555555555554,34974.49673202615
howdy,136.11764705882354,58382.36029411765
human,154.26666666666668,55721.78095238095
humid,165.28571428571428,70513.2967032967
humor,144.625,50038.11666666667
humph,178.0,111948.33333333333
humus,154.26666666666668,86427.20952380954
hunch,154.26666666666668,76115.20952380952
hunky,165.28571428571428,69503.29670329671
hurry,192.83333333333334,70382.51515151514
husky,136.11764705882354,58582.98529411765
hussy,154.26666666666668,70333.78095238094
hutch,154.26666666666668,71830.63809523809
hydro,192.83333333333334,73900.51515151515
hyena,165.28571428571428,58884.68131868133
hymen,154.26666666666668,60607.06666666666
hyper,165.28571428571428,54316.83516483516
icily,178.0,62243.166666666664
icing,178.0,82238.5
ideal,154.26666666666668,48208.63809523809
idiom,178.0,78445.33333333333
idiot,165.28571428571428,55020.37362637362
idler,136.11764705882354,40656.98529411765
idyll,165.28571428571428,81216.37362637365
igloo,178.0,82812.16666666667
iliac,178.0,51602.166666666664
image,154.26666666666668,40802.780952380956
imbue,178.0,60075.0
impel,165.28571428571428,49649.14285714285
imply,154.26666666666668,59778.49523809524
inane,178.0,36799.833333333336
inbox,165.28571428571428,82652.98901098903
incur,165.28571428571428,58556.06593406593
index,165.28571428571428,57705.29670329671
inept,136.11764705882354,42222.11029411765
inert,128.55555555555554,33496.84967320262
infer,121.78947368421052,41103.2865497076
ingot,144.625,48791.583333333336
inlay,154.26666666666668,42593.9238095238
inlet,128.55555555555554,33208.379084967324
inner,144.625,43969.71666666667
input,165.28571428571428,59621.45054945056
inter,121.78947368421052,34825.50877192982
intro,154.26666666666668,50923.638095238086
ionic,136.11764705882354,53860.48529411765
irate,121.78947368421052,21715.50877192982
irony,136.11764705882354,31760.735294117647
islet,128.55555555555554,32888.26143790849
issue,165.28571428571428,60728.06593406595
itchy,165.28571428571428,56055.29670329671
ivory,165.28571428571428,47185.60439560441
jaunt,136.11764705882354,43782.86029411765
jazzy,257.1111111111111,140394.6111111111
jelly,165.28571428571428,58484.21978021977
jerky,154.26666666666668,46247.352380952376
jetty,154.26666666666668,57156.63809523808
jewel,178.0,68844.5
jiffy,231.4,148885.3777777778
joint,144.625,40119.583333333336
joist,154.26666666666668,41115.20952380953
joker,144.625,42386.65
jolly,165.28571428571428,75089.6043956044
joust,144.625,45877.316666666666
judge,154.26666666666668,55348.066666666666
juice,165.28571428571428,44570.06593406593
juicy,165.28571428571428,65888.68131868132
jumbo,154.26666666666668,89924.35238095236
jumpy,144.625,88764.38333333333
junta,136.11764705882354,53544.73529411764
junto,165.28571428571428,60173.75824175823
juror,178.0,70354.66666666667
kappa,210.36363636363637,120870.05454545454
karma,154.26666666666668,59384.9238095238
kayak,257.1111111111111,125838.86111111111
kebab,178.0,69010.83333333333
khaki,210.36363636363637,89653.25454545455
kinky,178.0,81645.16666666667
kiosk,210.36363636363637,73799.45454545456
kitty,192.83333333333334,75957.06060606061
knack,165.28571428571428,67392.98901098903
knave,165.28571428571428,40870.37362637363
knead,154.26666666666668,50136.9238095238
kneed,178.0,63398.0
kneel,154.26666666666668,51221.63809523808
knelt,144.625,45368.38333333333
knife,165.28571428571428,45512.83516483517
knock,154.26666666666668,74605.9238095238
knoll,178.0,68503.0
known,178.0,100125.0
koala,178.0,50741.666666666664
krill,192.83333333333334,61515.78787878789
label,144.625,34809.316666666666
labor,154.26666666666668,38332.066666666666
laden,154.26666666666668,30035.495238095238
ladle,165.28571428571428,32194.373626373625
lager,115.7,25716.326315789476
lance,136.11764705882354,25677.735294117647
lanky,144.625,39665.316666666666
lapel,136.11764705882354,33589.23529411764
lapse,128.55555555555554,25494.849673202614
large,128.55555555555554,23656.379084967324
larva,178.0,55332.166666666664
lasso,154.26666666666668,44746.638095238086
latch,144.625,38698.11666666667
later,121.78947368421052,25250.397660818715
lathe,128.55555555555554,27788.2614379085
latte,144.625,28561.85
laugh,178.0,48930.666666666664
layer,128.55555555555554,29937.7908496732
leach,136.11764705882354,31811.48529411765
leafy,144.625,30554.25
leaky,136.11764705882354,30686.610294117647
leant,128.55555555555554,25633.437908496733
leapt,136.11764705882354,29143.985294117647
learn,136.11764705882354,29039.61029411765
lease,136.11764705882354,26677.360294117647
leash,121.78947368421052,29674.730994152047
least,121.78947368421052,24705.397660818715
leave,144.625,33122.65
ledge,154.26666666666668,46548.49523809524
leech,154.26666666666668,49341.49523809523
leery,165.28571428571428,37800.065934065926
lefty,144.625,39768.51666666667
legal,136.11764705882354,43155.36029411765
leggy,165.28571428571428,51058.52747252747
lemon,136.11764705882354,43736.98529411764
lemur,144.625,43944.65
leper,144.625,40922.38333333333
level,165.28571428571428,66806.98901098903
lever,128.55555555555554,41246.2614379085
libel,136.11764705882354,41979.36029411764
liege,154.26666666666668,41424.066666666666
light,136.11764705882354,49001.61029411765
liken,144.625,39037.98333333333
lilac,178.0,56866.666666666664
limbo,154.26666666666668,61401.78095238096
limit,165.28571428571428,57736.52747252748
linen,154.26666666666668,39318.49523809523
liner,128.55555555555554,32698.732026143785
lingo,136.11764705882354,47442.23529411764
lipid,165.28571428571428,70884.68131868135
lithe,121.78947368421052,31726.286549707598
liver,121.78947368421052,35478.17543859649
livid,144.625,72497.45
llama,165.28571428571428,71774.83516483517
loamy,128.55555555555554,30928.732026143785
loath,136.11764705882354,31791.110294117647
lobby,136.11764705882354,57054.73529411764
local,144.625,45988.38333333333
locus,154.26666666666668,53213.20952380953
lodge,154.26666666666668,35534.20952380952
lofty,144.625,42924.916666666664
logic,144.625,50742.38333333333
login,144.625,43027.85
loopy,154.26666666666668,57123.78095238095
loose,154.26666666666668,32837.49523809524
lorry,154.26666666666668,45065.49523809524
loser,136.11764705882354,30298.735294117647
louse,144.625,29984.516666666666
lousy,144.625,37236.916666666664
lover,115.7,30750.43157894736
lower,128.55555555555554,33189.32026143791
lowly,154.26666666666668,65058.63809523809
loyal,144.625,49457.316666666666
lucid,154.26666666666668,56026.20952380953
lucky,144.625,57969.183333333334
lumen,154.26666666666668,41630.20952380953
lumpy,136.11764705882354,56222.11029411764
lunar,154.26666666666668,42410.92380952381
lunch,144.625,52783.583333333336
lunge,165.28571428571428,36870.06593406593
lupus,178.0,77906.83333333333
lurch,154.26666666666668,54093.9238095238
lurid,136.11764705882354,46586.23529411765
lusty,136.11764705882354,39945.61029411765
lying,144.625,54036.916666666664
lymph,154.26666666666668,78695.92380952381
lynch,154.26666666666668,66536.49523809522
lyric,154.26666666666668,64820.06666666666
macaw,154.26666666666668,72259.06666666665
macho,121.78947368421052,44635.286549707605
macro,121.78947368421052,37570.84210526315
madam,165.28571428571428,89076.68131868131
madly,121.78947368421052,36585.06432748537
mafia,165.28571428571428,72131.9120879121
magic,128.55555555555554,49672.49673202615
magma,165.28571428571428,96791.14285714288
maize,154.26666666666668,36509.495238095245
major,136.11764705882354,44304.61029411764
maker,121.78947368421052,30106.84210526316
mambo,154.26666666666668,67208.78095238094
mamma,210.36363636363637,144865.05454545454
mammy,165.28571428571428,85724.21978021979
manga,144.625,62403.45
mange,121.78947368421052,30419.84210526316
mango,121.78947368421052,42869.95321637426
mangy,121.78947368421052,41343.61988304093
mania,144.625,54071.316666666666
manic,128.55555555555554,43903.7908496732
manly,121.78947368421052,33888.95321637427
manor,136.11764705882354,36128.11029411764
maple,136.11764705882354,27709.735294117647
march,136.11764705882354,38968.48529411765
marry,136.11764705882354,42724.23529411765
marsh,128.55555555555554,37146.967320261436
mason,144.625,42774.78333333333
masse,144.625,34757.85
match,136.11764705882354,42476.98529411764
matey,144.625,29077.05
mauve,154.26666666666668,38599.35238095238
maxim,154.26666666666668,77048.6380952381
maybe,144.625,40203.98333333333
mayor,136.11764705882354,41000.86029411764
mealy,136.11764705882354,27838.73529411765
meant,128.55555555555554,27173.437908496733
meaty,136.11764705882354,30214.485294117647
mecca,154.26666666666668,52224.352380952376
medal,121.78947368421052,35486.619883040934
media,144.625,47875.45
medic,144.625,49839.183333333334
melee,178.0,61479.333333333336
melon,144.625,42387.71666666667
mercy,144.625,33952.916666666664
merge,154.26666666666668,41274.9238095238
merit,136.11764705882354,29682.485294117647
merry,154.26666666666668,40525.638095238086
metal,128.55555555555554,35378.84967320261
meter,154.26666666666668,39754.78095238095
metro,121.78947368421052,33794.39766081871
micro,144.625,48107.85
midge,154.26666666666668,43452.066666666666
midst,154.26666666666668,46543.638095238086
might,136.11764705882354,54025.48529411764
milky,154.26666666666668,57364.06666666666
mimic,210.36363636363637,130001.05454545456
mince,128.55555555555554,32817.90849673202
miner,136.11764705882354,34390.86029411765
minim,192.83333333333334,111363.42424242423
minor,128.55555555555554,38993.320261437904
minty,154.26666666666668,45797.066666666666
minus,154.26666666666668,55159.35238095238
mirth,154.26666666666668,47379.78095238095
miser,136.11764705882354,34939.36029411765
missy,154.26666666666668,63735.63809523808
mocha,144.625,52381.583333333336
modal,128.55555555555554,39848.02614379085
model,136.11764705882354,33935.61029411765
modem,154.26666666666668,49024.638095238086
mogul,165.28571428571428,56506.68131868132
moist,144.625,34515.45
molar,128.55555555555554,34775.43790849673
moldy,136.11764705882354,46059.61029411764
money,144.625,35784.11666666667
month,144.625,45812.916666666664
moody,165.28571428571428,78998.37362637364
moose,154.26666666666668,37972.066666666666
moral,128.55555555555554,35375.08496732026
moron,178.0,58981.833333333336
morph,165.28571428571428,52327.296703296706
mossy,165.28571428571428,62871.45054945054
motel,136.11764705882354,32533.610294117647
motif,154.26666666666668,52838.78095238095
motor,144.625,47087.45
motto,192.83333333333334,93461.78787878787
moult,144.625,40498.38333333333
mound,154.26666666666668,50759.06666666666
mount,144.625,40644.38333333333
mourn,144.625,41885.316666666666
mouse,144.625,33438.916666666664
mouth,144.625,48238.65
mover,128.55555555555554,34362.61437908496
movie,165.28571428571428,43364.21978021979
mower,128.55555555555554,34279.90849673203
mucky,154.26666666666668,74507.63809523809
mucus,178.0,91182.66666666667
muddy,154.26666666666668,92185.2095238095
mulch,154.26666666666668,60281.20952380951
mummy,257.1111111111111,187813.8611111111
munch,144.625,61397.45
mural,136.11764705882354,41662.11029411764
murky,154.26666666666668,58236.20952380951
mushy,128.55555555555554,52901.43790849672
music,144.625,58426.916666666664
musky,144.625,63176.25
musty,144.625,46978.78333333333
myrrh,165.28571428571428,80278.5274725275
nadir,144.625,39342.11666666667
naive,144.625,30630.783333333333
nanny,192.83333333333334,77011.42424242424
nasal,144.625,45095.05
nasty,128.55555555555554,34872.37908496732
natal,154.26666666666668,48178.78095238095
naval,154.26666666666668,57959.780952380956
navel,121.78947368421052,30924.064327485376
needy,165.28571428571428,53350.68131868132
neigh,154.26666666666668,42425.49523809523
nerdy,136.11764705882354,34532.61029411764
nerve,136.11764705882354,38717.48529411765
never,136.11764705882354,46580.73529411764
newer,144.625,47235.583333333336
newly,165.28571428571428,45852.68131868132
nicer,144.625,36529.316666666666
niche,144.625,39000.25
niece,154.26666666666668,39874.20952380953
night,128.55555555555554,49248.73202614379
ninja,178.0,84450.83333333333
ninny,210.36363636363637,105763.25454545455
ninth,165.28571428571428,62791.91208791212
noble,144.625,32232.116666666665
nobly,128.55555555555554,41141.43790849673
noise,128.55555555555554,28395.43790849673
noisy,136.11764705882354,33810.48529411765
nomad,165.28571428571428,51092.68131868133
noose,144.625,34732.25
north,128.55555555555554,37528.967320261436
nosey,144.625,33013.05
notch,136.11764705882354,44342.98529411765
novel,144.625,38177.316666666666
nudge,144.625,41263.316666666666
nurse,128.55555555555554,29136.026143790845
nutty,165.28571428571428,63950.21978021977
nylon,165.28571428571428,72893.75824175825
nymph,165.28571428571428,91845.75824175823
oaken,154.26666666666668,42762.63809523809
obese,165.28571428571428,49657.14285714287
occur,178.0,69995.5
ocean,144.625,51422.25
octal,128.55555555555554,46346.02614379085
octet,165.28571428571428,45577.91208791209
odder,121.78947368421052,41475.3976608187
oddly,154.26666666666668,64100.49523809523
offal,165.28571428571428,73700.98901098903
offer,136.11764705882354,50411.36029411765
often,154.26666666666668,45693.352380952376
olden,154.26666666666668,38788.49523809524
older,121.78947368421052,31212.397660818708
olive,144.625,34163.183333333334
ombre,154.26666666666668,36724.63809523811
omega,165.28571428571428,66929.6043956044
onion,192.83333333333334,82595.9696969697
onset,136.11764705882354,34656.48529411765
opera,165.28571428571428,47709.142857142855
opine,144.625,34939.05
opium,178.0,69283.16666666667
optic,154.26666666666668,63738.638095238086
orbit,144.625,40266.51666666667
order,128.55555555555554,35243.43790849674
organ,144.625,43003.98333333333
other,136.11764705882354,39703.48529411765
otter,136.11764705882354,39023.11029411764
ought,144.625,53461.316666666666
ounce,154.26666666666668,36533.63809523809
outdo,165.28571428571428,69709.45054945056
outer,121.78947368421052,31368.2865497076
outgo,165.28571428571428,71798.37362637362
ovary,154.26666666666668,38302.20952380953
ovate,165.28571428571428,34892.98901098901
overt,136.11764705882354,35464.98529411765
ovine,144.625,35990.51666666667
ovoid,165.28571428571428,78826.37362637364
owing,136.11764705882354,54003.86029411765
owner,144.625,40485.71666666667
oxide,154.26666666666668,44404.352380952376
ozone,178.0,50797.166666666664
paddy,144.625,58724.11666666667
pagan,178.0,65464.0
paint,136.11764705882354,31602.48529411765
paler,115.7,23520.326315789476
palsy,128.55555555555554,31603.673202614376
panel,128.55555555555554,27037.084967320265
panic,154.26666666666668,47284.209523809535
pansy,128.55555555555554,34026.61437908496
papal,154.26666666666668,65775.63809523809
paper,136.11764705882354,30937.98529411765
parer,144.625,29010.25
parka,154.26666666666668,54447.066666666666
parry,154.26666666666668,44376.78095238095
parse,121.78947368421052,21254.39766081872
party,121.78947368421052,30049.397660818715
pasta,154.26666666666668,47235.78095238095
paste,121.78947368421052,23829.842105263164
pasty,128.55555555555554,33033.67320261437
patch,144.625,42353.05
patio,154.26666666666668,49346.20952380953
patsy,121.78947368421052,30898.61988304093
patty,144.625,47636.51666666667
pause,154.26666666666668,29867.495238095238
payee,154.26666666666668,38175.63809523811
payer,121.78947368421052,29797.2865497076
peace,154.26666666666668,33716.20952380953
peach,136.11764705882354,34346.36029411765
pearl,136.11764705882354,26742.360294117647
pecan,144.625,40126.916666666664
pedal,121.78947368421052,34387.06432748537
penal,128.55555555555554,33644.84967320261
pence,144.625,42370.65
penne,178.0,64296.0
penny,165.28571428571428,48391.296703296706
perch,144.625,36663.316666666666
peril,128.55555555555554,31137.43790849673
perky,154.26666666666668,37849.49523809524
pesky,154.26666666666668,43143.49523809524
pesto,136.11764705882354,37455.86029411764
petal,121.78947368421052,33008.84210526316
petty,144.625,44218.38333333333
phase,136.11764705882354,29682.61029411765
phone,144.625,32351.983333333334
phony,144.625,46540.65
photo,178.0,67578.33333333333
piano,154.26666666666668,42230.63809523809
picky,154.26666666666668,62261.63809523808
piece,165.28571428571428,44406.219780219784
piety,144.625,35309.45
piggy,178.0,87521.33333333333
pilot,154.26666666666668,41421.06666666666
pinch,144.625,53027.45
piney,136.11764705882354,33321.23529411764
pinky,144.625,55575.583333333336
pinto,144.625,44256.38333333333
piper,136.11764705882354,39366.61029411765
pique,154.26666666666668,50528.209523809506
pitch,144.625,50383.45
pithy,154.26666666666668,49992.49523809524
pivot,165.28571428571428,53477.60439560441
pixel,136.11764705882354,39827.36029411765
pixie,165.28571428571428,56560.06593406595
pizza,192.83333333333334,98388.33333333331
place,128.55555555555554,24024.614379084964
plaid,136.11764705882354,36596.86029411765
plain,144.625,35297.05
plait,144.625,31447.45
plane,128.55555555555554,23132.143790849674
plank,136.11764705882354,39922.98529411764
plant,136.11764705882354,31997.235294117647
plate,121.78947368421052,22247.84210526316
plaza,154.26666666666668,64865.20952380953
plead,136.11764705882354,34648.11029411765
pleat,128.55555555555554,29569.320261437908
plied,136.11764705882354,30493.985294117647
plier,121.78947368421052,26690.50877192982
pluck,144.625,59115.316666666666
plumb,144.625,64933.183333333334
plume,136.11764705882354,34168.23529411765
plump,178.0,85815.66666666667
plunk,154.26666666666668,58520.06666666666
plush,128.55555555555554,43825.320261437904
poesy,154.26666666666668,34975.495238095245
point,144.625,33339.316666666666
poise,144.625,30550.916666666668
poker,144.625,35272.51666666667
polar,144.625,35017.583333333336
polka,144.625,46471.71666666667
polyp,154.26666666666668,67028.9238095238
pooch,154.26666666666668,69064.35238095238
poppy,178.0,106035.33333333333
porch,144.625,41602.51666666667
poser,128.55555555555554,27467.437908496733
posit,154.26666666666668,37238.63809523809
posse,154.26666666666668,38698.49523809524
pouch,144.625,50868.65
pound,165.28571428571428,50715.91208791209
pouty,144.625,41842.78333333333
power,128.55555555555554,32212.2614379085
prank,136.11764705882354,37969.36029411764
prawn,154.26666666666668,43986.20952380951
preen,144.625,38961.316666666666
press,144.625,39243.71666666667
price,121.78947368421052,23939.17543859649
prick,144.625,46529.45
pride,121.78947368421052,24816.953216374273
pried,115.7,27104.957894736843
prime,136.11764705882354,26848.985294117647
primo,144.625,41138.38333333333
print,154.26666666666668,34629.35238095238
prior,165.28571428571428,46526.98901098901
prism,165.28571428571428,43394.37362637363
privy,165.28571428571428,49560.06593406593
prize,136.11764705882354,30716.61029411765
probe,144.625,27064.65
prone,128.55555555555554,22490.614379084967
prong,154.26666666666668,43167.9238095238
proof,165.28571428571428,62614.373626373635
prose,128.55555555555554,22822.49673202614
proud,154.26666666666668,44178.638095238086
prove,128.55555555555554,27047.202614379083
prowl,154.26666666666668,45957.63809523809
proxy,154.26666666666668,48879.49523809524
prude,128.55555555555554,28136.143790849677
prune,121.78947368421052,25489.50877192982
psalm,144.625,44456.65
pubic,165.28571428571428,72899.9120879121
pudgy,154.26666666666668,71198.20952380952
puffy,165.28571428571428,104410.37362637364
pulpy,165.28571428571428,73682.06593406593
pulse,136.11764705882354,30690.11029411765
punch,144.625,58671.583333333336
pupal,144.625,54835.45
pupil,165.28571428571428,67144.06593406595
puppy,210.36363636363637,153586.45454545453
puree,128.55555555555554,34963.90849673202
purer,136.11764705882354,38391.86029411765
purge,121.78947368421052,30922.842105263153
purse,115.7,25995.694736842113
pushy,136.11764705882354,52695.73529411764
putty,165.28571428571428,70944.68131868132
pygmy,192.83333333333334,125484.69696969696
quack,154.26666666666668,63796.209523809506
quail,154.26666666666668,51730.9238095238
quake,165.28571428571428,47156.52747252748
qualm,144.625,51666.25
quark,165.28571428571428,55819.604395604394
quart,154.26666666666668,39728.780952380956
quash,144.625,53171.71666666667
quasi,154.26666666666668,60796.20952380951
queen,178.0,61499.0
queer,144.625,48462.25
quell,144.625,56325.71666666667
query,154.26666666666668,41157.780952380956
quest,144.625,42152.916666666664
queue,210.36363636363637,98861.25454545455
quick,154.26666666666668,77710.92380952381
quiet,136.11764705882354,36616.11029411765
quill,192.83333333333334,85801.42424242423
quilt,144.625,47297.316666666666
quirk,210.36363636363637,73798.45454545454
quite,144.625,35719.71666666667
quota,165.28571428571428,57601.9120879121
quote,144.625,35841.98333333333
quoth,154.26666666666668,58207.49523809523
rabbi,154.26666666666668,64553.20952380951
rabid,128.55555555555554,43158.61437908496
racer,154.26666666666668,32456.066666666677
radar,165.28571428571428,59635.2967032967
radii,144.625,52147.316666666666
radio,128.55555555555554,43076.14379084967
rainy,136.11764705882354,30940.610294117647
raise,136.11764705882354,23200.73529411765
rajah,178.0,65918.33333333333
rally,136.11764705882354,38466.23529411765
ralph,144.625,43297.85
ramen,121.78947368421052,29104.619883040938
ranch,165.28571428571428,42102.06593406595
randy,121.78947368421052,34423.39766081871
range,128.55555555555554,25166.849673202614
rapid,136.11764705882354,43055.36029411764
rarer,154.26666666666668,35241.06666666667
raspy,136.11764705882354,35730.48529411764
ratio,128.55555555555554,39552.61437908496
ratty,136.11764705882354,38126.48529411765
raven,128.55555555555554,30451.67320261438
rayon,144.625,45657.183333333334
razor,165.28571428571428,53676.37362637363
reach,136.11764705882354,29389.110294117647
react,121.78947368421052,23745.508771929824
ready,121.78947368421052,25565.508771929824
realm,128.55555555555554,28952.84967320261
rearm,136.11764705882354,34439.61029411765
rebar,144.625,40853.71666666667
rebel,144.625,41654.916666666664
rebus,136.11764705882354,45940.73529411765
rebut,128.55555555555554,35654.967320261436
recap,136.11764705882354,37152.86029411765
recur,154.26666666666668,49260.780952380956
recut,128.55555555555554,34956.73202614379
reedy,144.625,39959.71666666667
refer,165.28571428571428,60064.83516483517
refit,128.55555555555554,32219.084967320257
regal,121.78947368421052,33518.95321637427
rehab,144.625,44885.05
reign,136.11764705882354,34471.61029411764
relax,144.625,40390.916666666664
relay,121.78947368421052,27152.84210526316
relic,144.625,40400.25
remit,121.78947368421052,30826.73099415204
renal,136.11764705882354,33908.86029411764
renew,154.26666666666668,46645.066666666666
repay,128.55555555555554,29825.202614379083
repel,144.625,40543.183333333334
reply,136.11764705882354,33569.86029411765
rerun,165.28571428571428,47066.52747252748
reset,144.625,31508.516666666666
resin,128.55555555555554,35535.7908496732
retch,128.55555555555554,35544.14379084967
retro,136.11764705882354,37526.11029411764
retry,154.26666666666668,37171.63809523809
reuse,144.625,33188.916666666664
revel,128.55555555555554,40992.49673202615
revue,154.26666666666668,45348.63809523809
rhino,165.28571428571428,43399.142857142855
rhyme,144.625,40578.51666666667
rider,128.55555555555554,37851.32026143791
ridge,121.78947368421052,30939.95321637427
rifle,144.625,31513.183333333334
right,128.55555555555554,44712.84967320261
rigid,165.28571428571428,65892.989010989
rigor,154.26666666666668,53266.49523809523
rinse,128.55555555555554,27297.67320261438
ripen,115.7,33411.273684210515
riper,136.11764705882354,40476.48529411764
risen,115.7,31736.747368421045
riser,144.625,38262.25
risky,154.26666666666668,50068.780952380934
rival,136.11764705882354,46458.36029411765
river,144.625,45102.51666666667
rivet,144.625,32628.383333333335
roach,128.55555555555554,30655.67320261438
roast,128.55555555555554,25108.26143790849
robin,154.26666666666668,45206.49523809523
robot,154.26666666666668,48213.78095238095
rocky,154.26666666666668,45039.35238095238
rodeo,144.625,37102.916666666664
roger,144.625,36909.85
rogue,128.55555555555554,31101.790849673198
roomy,165.28571428571428,54783.45054945056
roost,144.625,36985.183333333334
rotor,154.26666666666668,54637.20952380953
rouge,121.78947368421052,27569.95321637427
rough,154.26666666666668,48151.352380952376
round,144.625,39591.98333333333
rouse,136.11764705882354,26390.23529411765
route,128.55555555555554,24266.02614379085
rover,136.11764705882354,38822.11029411764
rowdy,128.55555555555554,43583.320261437904
rower,136.11764705882354,38431.23529411765
royal,136.11764705882354,41545.11029411765
ruddy,154.26666666666668,63829.20952380953
ruder,144.625,42075.05
rugby,165.28571428571428,61271.45054945056
ruler,154.26666666666668,40857.780952380956
rumba,144.625,58745.583333333336
rumor,154.26666666666668,56755.06666666665
rupee,144.625,38902.78333333333
rural,165.28571428571428,50651.142857142855
rusty,144.625,40467.71666666667
sadly,121.78947368421052,29626.2865497076
safer,128.55555555555554,22059.320261437904
saint,121.78947368421052,24378.39766081872
salad,154.26666666666668,41792.066666666666
sally,128.55555555555554,35855.55555555556
salon,136.11764705882354,30840.110294117647
salsa,165.28571428571428,54934.835164835175
salty,128.55555555555554,26560.261437908495
salve,115.7,22955.48421052632
salvo,136.11764705882354,35293.48529411765
sandy,128.55555555555554,33762.26143790849
saner,121.78947368421052,19892.50877192983
sappy,136.11764705882354,46700.36029411765
sassy,165.28571428571428,68519.45054945054
satin,136.11764705882354,28944.735294117647
satyr,144.625,31239.45
sauce,136.11764705882354,25647.36029411765
saucy,136.11764705882354,34096.36029411765
sauna,154.26666666666668,44107.78095238095
saute,128.55555555555554,22356.732026143785
savor,154.26666666666668,31727.066666666673
savoy,136.11764705882354,36278.98529411765
savvy,144.625,54896.78333333333
scald,136.11764705882354,35092.48529411764
scale,128.55555555555554,22403.67320261438
scalp,128.55555555555554,34276.02614379084
scaly,128.55555555555554,29470.02614379085
scamp,136.11764705882354,43011.98529411766
scant,154.26666666666668,31006.352380952383
scare,121.78947368421052,20697.730994152043
scarf,144.625,38976.78333333333
scary,136.11764705882354,30278.98529411765
scene,154.26666666666668,36842.780952380956
scent,128.55555555555554,30600.14379084967
scion,136.11764705882354,36516.61029411765
scoff,178.0,73275.0
scold,154.26666666666668,43811.066666666666
scone,136.11764705882354,27157.985294117647
scoop,165.28571428571428,61396.065934065955
scope,136.11764705882354,31489.23529411765
score,128.55555555555554,22994.496732026142
scorn,144.625,37102.65
scour,136.11764705882354,35333.61029411765
scout,144.625,36264.51666666667
scowl,165.28571428571428,49633.142857142855
scram,154.26666666666668,40878.63809523809
scrap,144.625,38312.916666666664
scree,144.625,31592.916666666668
screw,128.55555555555554,32806.379084967324
scrub,154.26666666666668,52067.78095238095
scrum,144.625,49299.71666666667
scuba,178.0,54216.166666666664
sedan,144.625,31620.916666666668
seedy,165.28571428571428,44396.52747252747
segue,144.625,42005.05
seize,178.0,46496.0
semen,144.625,40208.51666666667
sense,165.28571428571428,50950.989010989004
sepia,178.0,38473.333333333336
serif,136.11764705882354,29497.360294117647
serum,136.11764705882354,32189.860294117643
serve,128.55555555555554,32596.732026143793
setup,136.11764705882354,33129.61029411764
seven,144.625,43043.45
sever,136.11764705882354,34628.61029411765
sewer,154.26666666666668,35817.780952380956
shack,154.26666666666668,44677.06666666667
shade,144.625,28044.916666666668
shady,136.11764705882354,37818.36029411764
shaft,136.11764705882354,34574.73529411764
shake,154.26666666666668,31321.638095238104
shaky,128.55555555555554,39374.967320261436
shale,115.7,21930.22105263158
shall,136.11764705882354,39901.98529411765
shalt,121.78947368421052,26194.2865497076
shame,136.11764705882354,27655.235294117647
shank,154.26666666666668,41358.63809523809
shape,136.11764705882354,27342.985294117647
shard,144.625,35951.05
share,136.11764705882354,20931.110294117643
shark,144.625,38611.583333333336
sharp,144.625,36095.183333333334
shave,144.625,29951.716666666667
shawl,136.11764705882354,38923.61029411765
shear,121.78947368421052,25690.286549707598
sheen,144.625,38765.05
sheep,154.26666666666668,43503.780952380956
sheer,154.26666666666668,33052.20952380953
sheet,136.11764705882354,32153.360294117643
sheik,165.28571428571428,40894.06593406595
shelf,144.625,39624.11666666667
shell,154.26666666666668,41162.066666666666
shied,154.26666666666668,30919.49523809525
shift,136.11764705882354,40034.86029411764
shine,144.625,26460.916666666668
shiny,144.625,39068.916666666664
shire,128.55555555555554,22942.614379084964
shirk,154.26666666666668,43938.20952380951
shirt,154.26666666666668,30281.638095238097
shoal,128.55555555555554,31601.084967320257
shock,144.625,48400.38333333333
shone,144.625,26645.183333333334
shook,192.83333333333334,76457.06060606061
shoot,136.11764705882354,43148.98529411764
shore,128.55555555555554,22103.32026143791
shorn,144.625,36023.85
short,121.78947368421052,26960.730994152047
shout,128.55555555555554,32875.7908496732
shove,154.26666666666668,34255.49523809524
shown,144.625,46649.71666666667
showy,165.28571428571428,51574.68131868133
shrew,128.55555555555554,31680.026143790845
shrub,144.625,48768.916666666664
shrug,154.26666666666668,49596.9238095238
shuck,136.11764705882354,56921.73529411765
shunt,144.625,37936.38333333333
shush,178.0,110955.66666666667
shyly,165.28571428571428,61698.98901098902
siege,165.28571428571428,40088.373626373635
sieve,165.28571428571428,42910.989010989004
sight,136.11764705882354,40622.73529411765
sigma,144.625,46377.71666666667
silky,121.78947368421052,38846.17543859649
silly,144.625,47310.51666666667
since,136.11764705882354,27031.23529411765
sinew,144.625,33411.05
singe,121.78947368421052,27560.84210526316
siren,136.11764705882354,26733.110294117647
sissy,231.4,107921.15555555555
sixth,154.26666666666668,51234.49523809524
sixty,144.625,45426.11666666667
skate,115.7,23698.010526315793
skier,144.625,30066.65
skiff,178.0,89062.83333333333
skill,154.26666666666668,56804.20952380951
skimp,178.0,67027.16666666667
skirt,154.26666666666668,36651.066666666666
skulk,144.625,63579.183333333334
skull,144.625,62148.78333333333
skunk,178.0,79354.66666666667
slack,128.55555555555554,32588.614379084964
slain,128.55555555555554,27622.026143790845
slang,128.55555555555554,31124.496732026146
slant,128.55555555555554,25173.202614379086
slash,144.625,39448.25
slate,115.7,18172.747368421053
slave,121.78947368421052,22321.064327485383
sleek,154.26666666666668,38485.49523809524
sleep,144.625,35319.85
sleet,144.625,28697.45
slept,121.78947368421052,27581.95321637427
slice,154.26666666666668,23643.638095238097
slick,136.11764705882354,39610.23529411765
slide,144.625,24444.25
slime,136.11764705882354,25455.61029411765
slimy,136.11764705882354,37696.36029411765
sling,154.26666666666668,38670.066666666666
slink,144.625,38561.98333333333
sloop,144.625,46993.183333333334
slope,121.78947368421052,24663.286549707598
slosh,154.26666666666668,47526.49523809524
sloth,128.55555555555554,30880.84967320261
slump,136.11764705882354,46374.73529411766
slung,154.26666666666668,43807.066666666666
slunk,128.55555555555554,41221.202614379086
slurp,136.11764705882354,38590.86029411764
slush,154.26666666666668,56486.92380952381
slyly,178.0,88912.66666666667
smack,136.11764705882354,43309.61029411765
small,128.55555555555554,40088.143790849674
smart,136.11764705882354,28373.61029411765
smash,136.11764705882354,49716.86029411765
smear,136.11764705882354,28168.23529411765
smell,144.625,41868.65
smelt,121.78947368421052,30747.842105263153
smile,136.11764705882354,27111.110294117647
smirk,154.26666666666668,46880.638095238086
smite,154.26666666666668,27000.923809523807
smith,154.26666666666668,42816.63809523809
smock,154.26666666666668,52121.638095238086
smoke,144.625,35829.583333333336
smoky,144.625,49978.65
smote,128.55555555555554,26325.555555555555
snack,144.625,39499.183333333334
snail,136.11764705882354,30576.485294117647
snake,144.625,28491.85
snaky,128.55555555555554,36213.43790849673
snare,128.55555555555554,20440.143790849674
snarl,144.625,34384.11666666667
sneak,136.11764705882354,34616.36029411764
sneer,144.625,33412.78333333333
snide,136.11764705882354,27643.485294117647
sniff,178.0,69012.16666666667
snipe,128.55555555555554,28154.849673202614
snoop,144.625,52535.583333333336
snore,136.11764705882354,22706.985294117647
snort,136.11764705882354,29577.110294117647
snout,136.11764705882354,33665.61029411765
snowy,144.625,43411.45
snuck,144.625,53238.78333333333
snuff,165.28571428571428,76988.98901098903
soapy,136.11764705882354,30823.735294117647
sober,136.11764705882354,23875.48529411765
soggy,154.26666666666668,61159.209523809506
solar,136.11764705882354,28127.36029411765
solid,165.28571428571428,39209.604395604394
solve,136.11764705882354,28791.610294117647
sonar,144.625,27607.983333333334
sonic,128.55555555555554,34990.49673202614
sooth,136.11764705882354,44238.23529411765
sooty,154.26666666666668,45995.78095238095
sorry,154.26666666666668,40498.35238095238
sound,165.28571428571428,39258.681318681316
south,128.55555555555554,33773.555555555555
sower,128.55555555555554,25074.026143790845
space,136.11764705882354,25560.985294117647
spade,144.625,27774.916666666668
spank,144.625,41921.05
spare,121.78947368421052,20204.61988304094
spark,144.625,38333.98333333333
spasm,144.625,52570.38333333333
spawn,165.28571428571428,48916.527472527494
speak,144.625,37665.05
spear,128.55555555555554,26774.261437908495
speck,154.26666666666668,44719.780952380956
speed,154.26666666666668,43578.49523809523
spell,144.625,40281.45
spelt,121.78947368421052,28935.84210526316
spend,128.55555555555554,35399.7908496732
spent,128.55555555555554,30243.7908496732
sperm,144.625,35338.916666666664
spice,144.625,28759.716666666667
spicy,154.26666666666668,44020.352380952376
spied,144.625,30967.183333333334
spiel,128.55555555555554,26527.673202614376
spike,154.26666666666668,34698.20952380953
spiky,144.625,51270.38333333333
spill,154.26666666666668,50738.9238095238
spilt,136.11764705882354,32778.73529411765
spine,136.11764705882354,26646.485294117647
spiny,154.26666666666668,40967.49523809523
spire,128.55555555555554,23300.026143790852
spite,144.625,24878.116666666665
splat,128.55555555555554,32013.673202614384
split,128.55555555555554,34512.02614379085
spoil,136.11764705882354,36836.23529411765
spoke,136.11764705882354,34332.48529411764
spoof,165.28571428571428,71503.45054945056
spook,165.28571428571428,71664.06593406593
spool,144.625,48445.98333333333
spoon,144.625,52639.05
spore,121.78947368421052,22404.730994152043
sport,128.55555555555554,29657.202614379086
spout,136.11764705882354,36587.48529411764
spray,128.55555555555554,30372.967320261436
spree,144.625,31975.85
sprig,165.28571428571428,46900.98901098901
spunk,144.625,55236.11666666667
spurn,154.26666666666668,43488.9238095238
spurt,136.11764705882354,34142.11029411764
squad,154.26666666666668,52391.35238095237
squat,154.26666666666668,42048.066666666666
squib,192.83333333333334,73362.69696969698
stack,154.26666666666668,38929.209523809535
staff,165.28571428571428,52347.60439560439
stage,121.78947368421052,23745.175438596492
staid,154.26666666666668,34719.495238095245
stain,121.78947368421052,28314.73099415205
stair,128.55555555555554,27003.673202614376
stake,115.7,24276.221052631583
stale,115.7,19754.221052631583
stalk,136.11764705882354,33527.48529411765
stall,144.625,36056.25
stamp,128.55555555555554,36532.14379084967
stand,154.26666666666668,34819.92380952381
stank,154.26666666666668,36798.780952380956
stare,121.78947368421052,18253.730994152043
stark,144.625,34125.45
start,154.26666666666668,32874.495238095245
stash,154.26666666666668,42402.49523809524
state,136.11764705882354,25510.110294117643
stave,121.78947368421052,24130.06432748538
stead,128.55555555555554,30738.143790849674
steak,128.55555555555554,32667.908496732023
steal,115.7,27967.589473684213
steam,136.11764705882354,33575.23529411765
steed,154.26666666666668,36911.63809523811
steel,144.625,32324.65
steep,144.625,37158.916666666664
steer,128.55555555555554,28572.496732026142
stein,128.55555555555554,30104.967320261432
stern,121.78947368421052,29491.175438596492
stick,154.26666666666668,43928.49523809524
stiff,165.28571428571428,60864.52747252748
still,144.625,40448.78333333333
stilt,154.26666666666668,40805.35238095238
sting,144.625,40511.183333333334
stink,144.625,40560.916666666664
stint,154.26666666666668,43042.49523809523
stock,154.26666666666668,44032.92380952381
stoic,165.28571428571428,40438.98901098901
stoke,154.26666666666668,31197.638095238097
stole,128.55555555555554,23904.84967320261
stomp,136.11764705882354,42967.73529411765
stone,128.55555555555554,23391.202614379086
stony,144.625,32690.516666666666
stood,154.26666666666668,48693.9238095238
stool,154.26666666666668,42816.49523809524
stoop,154.26666666666668,51396.06666666666
store,128.55555555555554,20384.496732026142
stork,136.11764705882354,36420.86029411765
storm,136.11764705882354,35941.36029411765
story,128.55555555555554,28010.49673202614
stout,154.26666666666668,45730.78095238096
stove,154.26666666666668,30010.35238095238
strap,136.11764705882354,33443.48529411764
straw,144.625,37522.25
stray,121.78947368421052,26897.508771929828
strip,154.26666666666668,38559.20952380953
strut,136.11764705882354,41977.98529411765
stuck,154.26666666666668,51419.92380952381
study,154.26666666666668,44147.780952380956
stuff,154.26666666666668,68228.63809523809
stump,154.26666666666668,53407.780952380934
stung,144.625,46020.11666666667
stunk,144.625,46859.85
stunt,154.26666666666668,50339.9238095238
style,121.78947368421052,28395.73099415205
suave,154.26666666666668,29940.780952380952
sugar,144.625,34804.11666666667
suing,144.625,41519.05
suite,144.625,23774.783333333333
sulky,128.55555555555554,43864.49673202614
sully,144.625,53085.85
sumac,154.26666666666668,43404.9238095238
sunny,178.0,67970.5
super,121.78947368421052,26122.730994152047
surer,144.625,30690.116666666665
surge,128.55555555555554,26169.55555555555
surly,136.11764705882354,36819.73529411765
sushi,178.0,70891.0
swami,136.11764705882354,48604.73529411764
swamp,136.11764705882354,48499.23529411765
swarm,144.625,40898.38333333333
swash,154.26666666666668,57992.923809523796
swath,144.625,38729.183333333334
swear,128.55555555555554,28186.61437908497
sweat,121.78947368421052,29106.06432748538
sweep,154.26666666666668,50480.49523809522
sweet,144.625,38288.916666666664
swell,154.26666666666668,45592.20952380951
swept,121.78947368421052,34676.39766081871
swift,144.625,47669.583333333336
swill,165.28571428571428,59315.9120879121
swine,136.11764705882354,28593.360294117647
swing,178.0,57272.333333333336
swirl,144.625,41725.98333333333
swish,165.28571428571428,73881.91208791209
swoon,165.28571428571428,62699.14285714288
swoop,178.0,76534.83333333333
sword,144.625,40284.65
swore,136.11764705882354,23975.61029411765
sworn,144.625,39815.45
swung,165.28571428571428,62787.604395604394
synod,178.0,49743.5
syrup,154.26666666666668,51721.35238095239
tabby,136.11764705882354,49868.98529411765
table,128.55555555555554,25339.790849673198
taboo,154.26666666666668,53207.352380952376
tacit,144.625,44539.316666666666
tacky,128.55555555555554,39628.84967320262
taffy,154.26666666666668,55613.638095238086
taint,144.625,36743.98333333333
taken,144.625,32824.916666666664
taker,136.11764705882354,28625.98529411765
tally,136.11764705882354,38711.48529411764
talon,128.55555555555554,34712.84967320262
tamer,121.78947368421052,25526.39766081871
tango,144.625,40638.51666666667
tangy,144.625,38192.25
taper,121.78947368421052,25123.730994152047
tapir,128.55555555555554,34118.61437908496
tardy,128.55555555555554,32430.379084967324
tarot,154.26666666666668,35485.495238095245
taste,136.11764705882354,27986.610294117647
tasty,128.55555555555554,38157.90849673203
tatty,210.36363636363637,71700.05454545455
taunt,154.26666666666668,44876.780952380956
tawny,154.26666666666668,41993.63809523809
teach,121.78947368421052,30432.730994152047
teary,121.78947368421052,23327.2865497076
tease,136.11764705882354,25771.485294117647
teddy,154.26666666666668,49213.06666666667
teeth,154.26666666666668,59420.49523809523
tempo,165.28571428571428,50609.29670329671
tenet,178.0,50846.333333333336
tenor,136.11764705882354,30824.36029411765
tense,136.11764705882354,31340.485294117647
tenth,144.625,45278.51666666667
tepee,178.0,58493.666666666664
tepid,154.26666666666668,41295.63809523809
terra,144.625,34984.38333333333
terse,136.11764705882354,27539.110294117647
testy,154.26666666666668,39920.066666666666
thank,154.26666666666668,43657.638095238086
theft,154.26666666666668,53457.78095238095
their,136.11764705882354,33051.11029411765
theme,144.625,43319.583333333336
there,128.55555555555554,30268.614379084967
these,144.625,36090.65
theta,144.625,47025.71666666667
thick,136.11764705882354,51665.36029411764
thief,128.55555555555554,34916.732026143785
thigh,165.28571428571428,69071.29670329671
thing,128.55555555555554,45451.320261437904
think,144.625,49061.45
third,165.28571428571428,44515.91208791209
thong,144.625,46817.71666666667
thorn,136.11764705882354,38566.48529411765
those,121.78947368421052,26368.397660818715
three,136.11764705882354,31426.485294117647
threw,136.11764705882354,37594.86029411765
throb,136.11764705882354,46706.36029411765
throw,144.625,48718.11666666667
thrum,165.28571428571428,58808.989010989004
thumb,165.28571428571428,71527.9120879121
thump,144.625,61600.78333333333
thyme,136.11764705882354,40349.36029411765
tiara,154.26666666666668,40081.638095238086
tibia,165.28571428571428,60564.68131868134
tidal,165.28571428571428,42855.45054945055
tiger,136.11764705882354,32144.985294117647
tight,165.28571428571428,70587.29670329671
tilde,136.11764705882354,29678.11029411765
timer,128.55555555555554,32709.90849673203
timid,165.28571428571428,71049.6043956044
tipsy,154.26666666666668,41227.780952380956
titan,165.28571428571428,47514.065934065955
tithe,144.625,40369.05
title,144.625,33569.05
toast,154.26666666666668,33827.780952380956
today,144.625,36272.11666666667
toddy,154.26666666666668,56484.35238095238
token,144.625,36155.71666666667
tonal,121.78947368421052,31602.61988304093
tonga,154.26666666666668,42575.06666666666
tonic,136.11764705882354,39307.73529411764
tooth,178.0,83017.0
topaz,165.28571428571428,52888.68131868132
topic,144.625,47207.45
torch,136.11764705882354,36493.86029411764
torso,144.625,41103.183333333334
torus,144.625,40155.71666666667
total,136.11764705882354,39371.23529411765
totem,154.26666666666668,42124.63809523809
touch,128.55555555555554,40840.732026143785
tough,128.55555555555554,45070.379084967324
towel,144.625,34434.78333333333
tower,115.7,28289.06315789474
toxic,154.26666666666668,55358.49523809523
toxin,144.625,46381.98333333333
trace,115.7,19135.48421052632
track,136.11764705882354,35168.98529411764
tract,144.625,33954.11666666667
trade,128.55555555555554,20443.908496732027
trail,121.78947368421052,29625.84210526316
train,128.55555555555554,29889.67320261438
trait,144.625,34315.316666666666
tramp,144.625,37295.183333333334
trash,128.55555555555554,28582.73202614379
trawl,144.625,36998.78333333333
tread,121.78947368421052,27263.95321637427
treat,136.11764705882354,27632.110294117647
trend,136.11764705882354,30861.235294117643
triad,128.55555555555554,31845.202614379083
trial,128.55555555555554,30850.026143790845
tribe,128.55555555555554,24134.49673202614
trice,128.55555555555554,21710.37908496732
trick,144.625,41613.98333333333
tried,121.78947368421052,25165.06432748538
tripe,121.78947368421052,22770.397660818715
trite,144.625,25602.65
troll,144.625,39811.316666666666
troop,144.625,46138.38333333333
trope,121.78947368421052,22594.064327485383
trout,136.11764705882354,39202.98529411765
trove,128.55555555555554,24020.26143790849
truce,128.55555555555554,24541.555555555555
truck,154.26666666666668,48650.35238095238
truer,154.26666666666668,32963.63809523809
truly,165.28571428571428,40620.52747252748
trump,154.26666666666668,50323.780952380956
trunk,154.26666666666668,48226.20952380951
truss,144.625,45559.98333333333
trust,136.11764705882354,39459.73529411765
truth,165.28571428571428,53881.14285714285
tryst,154.26666666666668,46563.9238095238
tubal,165.28571428571428,45388.373626373635
tuber,128.55555555555554,32409.202614379086
tulip,154.26666666666668,48905.923809523796
tulle,165.28571428571428,36808.83516483516
tumor,121.78947368421052,38419.73099415204
tunic,144.625,48109.71666666667
turbo,136.11764705882354,45540.73529411764
tutor,136.11764705882354,43235.86029411765
twang,178.0,54017.666666666664
tweak,144.625,47836.38333333333
tweed,154.26666666666668,51841.78095238095
tweet,178.0,65779.0
twice,144.625,33355.183333333334
twine,136.11764705882354,29422.485294117647
twirl,154.26666666666668,48982.35238095238
twist,154.26666666666668,57539.49523809524
twixt,192.83333333333334,103998.69696969696
tying,144.625,53292.51666666667
udder,144.625,50998.51666666667
ulcer,144.625,37705.71666666667
ultra,154.26666666666668,48189.9238095238
umbra,165.28571428571428,70048.83516483518
uncle,165.28571428571428,42119.604395604394
uncut,192.83333333333334,80452.69696969696
under,136.11764705882354,42886.73529411764
undid,165.28571428571428,80515.75824175825
undue,165.28571428571428,54500.83516483517
unfed,144.625,53357.583333333336
unfit,154.26666666666668,59098.49523809524
unify,144.625,54259.05
union,178.0,64850.333333333336
unite,128.55555555555554,31518.84967320261
unity,136.11764705882354,40793.61029411764
unlit,144.625,47818.11666666667
unmet,144.625,43215.583333333336
unset,128.55555555555554,35436.49673202614
untie,128.55555555555554,35066.967320261436
until,144.625,51010.51666666667
unwed,144.625,54031.71666666667
unzip,178.0,89921.5
upper,144.625,51356.65
upset,136.11764705882354,35549.61029411765
urban,178.0,53753.833333333336
urine,136.11764705882354,26911.86029411765
usage,136.11764705882354,40536.23529411764
usher,144.625,47457.85
using,154.26666666666668,59936.06666666666
usual,165.28571428571428,60318.98901098902
usurp,165.28571428571428,72951.45054945056
utile,154.26666666666668,32519.638095238097
utter,144.625,43541.85
vague,144.625,43479.183333333334
valet,136.11764705882354,26951.61029411765
valid,128.55555555555554,43281.08496732026
valor,144.625,39227.183333333334
value,128.55555555555554,32223.790849673205
valve,136.11764705882354,35182.48529411765
vapid,144.625,57445.71666666667
vapor,154.26666666666668,44430.49523809524
vault,154.26666666666668,41456.49523809523
vaunt,144.625,43468.51666666667
vegan,154.26666666666668,45661.49523809523
venom,165.28571428571428,54327.29670329671
venue,165.28571428571428,54048.06593406593
verge,144.625,44742.65
verse,128.55555555555554,35100.02614379085
verso,128.55555555555554,35064.732026143785
verve,154.26666666666668,56088.20952380951
vicar,154.26666666666668,46603.066666666666
video,136.11764705882354,45649.98529411765
vigil,178.0,88279.83333333333
vigor,144.625,50801.71666666667
villa,144.625,60271.71666666667
vinyl,154.26666666666668,61910.066666666666
viola,144.625,48606.78333333333
viper,128.55555555555554,38343.320261437904
viral,128.55555555555554,41786.14379084967
virus,178.0,65681.0
visit,178.0,67456.5
visor,154.26666666666668,49167.49523809523
vista,154.26666666666668,52383.780952380956
vital,136.11764705882354,43700.61029411765
vivid,210.36363636363637,160045.6545454545
vixen,165.28571428571428,54464.52747252748
vocal,136.11764705882354,43550.23529411765
vodka,178.0,70932.5
vogue,144.625,45877.183333333334
voice,165.28571428571428,35110.98901098902
voila,144.625,44042.65
vomit,154.26666666666668,51435.352380952376
voter,136.11764705882354,30721.11029411765
vouch,144.625,58378.916666666664
vowel,144.625,41878.916666666664
vying,154.26666666666668,70929.35238095239
wacky,144.625,54477.583333333336
wafer,128.55555555555554,31254.14379084967
wager,121.78947368421052,28899.508771929824
wagon,165.28571428571428,52352.835164835175
waist,136.11764705882354,33150.48529411765
waive,144.625,34216.38333333333
waltz,178.0,57172.166666666664
warty,136.11764705882354,34846.36029411765
waste,121.78947368421052,26299.95321637427
watch,144.625,46884.38333333333
water,121.78947368421052,26212.175438596492
waver,128.55555555555554,31193.43790849673
waxen,165.28571428571428,43239.142857142855
weary,128.55555555555554,26531.7908496732
weave,165.28571428571428,46409.14285714287
wedge,165.28571428571428,64629.75824175825
weedy,165.28571428571428,61714.98901098902
weigh,154.26666666666668,48232.352380952376
weird,144.625,34692.11666666667
welch,136.11764705882354,44355.61029411765
welsh,136.11764705882354,41477.73529411765
wench,144.625,48159.71666666667
whack,154.26666666666668,64130.20952380953
whale,144.625,30278.916666666668
wharf,165.28571428571428,56770.98901098902
wheat,128.55555555555554,36063.43790849673
wheel,165.28571428571428,53910.98901098901
whelp,154.26666666666668,53188.20952380953
where,154.26666666666668,42419.49523809522
which,178.0,93104.5
whiff,192.83333333333334,120337.0606060606
while,144.625,34740.38333333333
whine,154.26666666666668,35989.20952380953
whiny,144.625,53479.05
whirl,165.28571428571428,54685.604395604416
whisk,154.26666666666668,66727.06666666667
white,136.11764705882354,33164.98529411765
whole,136.11764705882354,33692.98529411764
whoop,165.28571428571428,90600.98901098903
whose,154.26666666666668,38542.209523809535
widen,154.26666666666668,42556.638095238086
wider,121.78947368421052,34768.2865497076
widow,192.83333333333334,88612.69696969696
width,165.28571428571428,64464.37362637366
wield,136.11764705882354,40846.61029411764
wight,136.11764705882354,58581.48529411764
willy,165.28571428571428,71337.6043956044
wimpy,165.28571428571428,73962.83516483518
wince,144.625,35535.85
winch,136.11764705882354,56600.61029411766
windy,154.26666666666668,58643.923809523796
wiser,128.55555555555554,34758.37908496732
wispy,144.625,55255.71666666667
witch,136.11764705882354,55269.73529411765
witty,178.0,72950.16666666667
woken,154.26666666666668,46395.92380952381
woman,144.625,49104.78333333333
women,154.26666666666668,44688.06666666666
woody,154.26666666666668,82828.20952380952
wooer,144.625,35823.98333333333
wooly,144.625,61584.25
woozy,231.4,150674.4888888889
wordy,136.11764705882354,42775.98529411764
world,136.11764705882354,42883.48529411765
worry,165.28571428571428,57842.06593406593
worse,128.55555555555554,25521.084967320257
worst,136.11764705882354,33569.98529411765
worth,136.11764705882354,40649.48529411765
would,154.26666666666668,53042.35238095239
wound,165.28571428571428,56573.604395604416
woven,154.26666666666668,46206.49523809523
wrack,144.625,44030.51666666667
wrath,165.28571428571428,38365.142857142855
wreak,144.625,35586.65
wreck,144.625,41809.583333333336
wrest,128.55555555555554,28589.320261437908
wring,165.28571428571428,51565.91208791209
wrist,144.625,34769.05
write,128.55555555555554,23796.84967320261
wrong,154.26666666666668,47051.638095238086
wrote,128.55555555555554,23085.555555555555
wrung,165.28571428571428,57755.14285714287
wryly,165.28571428571428,64247.75824175825
yacht,154.26666666666668,47084.06666666665
yearn,144.625,34835.85
yeast,128.55555555555554,31150.26143790849
yield,136.11764705882354,43839.48529411764
young,165.28571428571428,57684.21978021979
youth,144.625,50015.71666666667
zebra,144.625,45550.51666666667
zesty,154.26666666666668,43245.92380952381
